row-number,field,issue-type,value
1,organisation,default,local-authority-eng:ESK
1,entry-date,default,2021-06-23
2,organisation,default,local-authority-eng:ESK
2,entry-date,default,2021-06-23
3,organisation,default,local-authority-eng:ESK
3,entry-date,default,2021-06-23
4,organisation,default,local-authority-eng:ESK
4,entry-date,default,2021-06-23
5,organisation,default,local-authority-eng:ESK
5,entry-date,default,2021-06-23
6,organisation,default,local-authority-eng:ESK
6,entry-date,default,2021-06-23
7,organisation,default,local-authority-eng:ESK
7,entry-date,default,2021-06-23
8,organisation,default,local-authority-eng:ESK
8,entry-date,default,2021-06-23
9,organisation,default,local-authority-eng:ESK
9,entry-date,default,2021-06-23
10,organisation,default,local-authority-eng:ESK
10,entry-date,default,2021-06-23
11,organisation,default,local-authority-eng:ESK
11,entry-date,default,2021-06-23
12,organisation,default,local-authority-eng:ESK
12,entry-date,default,2021-06-23
13,organisation,default,local-authority-eng:ESK
13,entry-date,default,2021-06-23
14,organisation,default,local-authority-eng:ESK
14,entry-date,default,2021-06-23
15,organisation,default,local-authority-eng:ESK
15,entry-date,default,2021-06-23
16,organisation,default,local-authority-eng:ESK
16,entry-date,default,2021-06-23
17,organisation,default,local-authority-eng:ESK
17,entry-date,default,2021-06-23
18,organisation,default,local-authority-eng:ESK
18,entry-date,default,2021-06-23
19,organisation,default,local-authority-eng:ESK
19,entry-date,default,2021-06-23
20,organisation,default,local-authority-eng:ESK
20,entry-date,default,2021-06-23
21,organisation,default,local-authority-eng:ESK
21,entry-date,default,2021-06-23
22,organisation,default,local-authority-eng:ESK
22,entry-date,default,2021-06-23
23,organisation,default,local-authority-eng:ESK
23,entry-date,default,2021-06-23
24,organisation,default,local-authority-eng:ESK
24,entry-date,default,2021-06-23
25,organisation,default,local-authority-eng:ESK
25,entry-date,default,2021-06-23
26,organisation,default,local-authority-eng:ESK
26,entry-date,default,2021-06-23
27,organisation,default,local-authority-eng:ESK
27,entry-date,default,2021-06-23
28,organisation,default,local-authority-eng:ESK
28,entry-date,default,2021-06-23
29,organisation,default,local-authority-eng:ESK
29,entry-date,default,2021-06-23
30,organisation,default,local-authority-eng:ESK
30,entry-date,default,2021-06-23
31,organisation,default,local-authority-eng:ESK
31,entry-date,default,2021-06-23
32,organisation,default,local-authority-eng:ESK
32,entry-date,default,2021-06-23
33,organisation,default,local-authority-eng:ESK
33,entry-date,default,2021-06-23
34,organisation,default,local-authority-eng:ESK
34,entry-date,default,2021-06-23
35,organisation,default,local-authority-eng:ESK
35,entry-date,default,2021-06-23
36,organisation,default,local-authority-eng:ESK
36,entry-date,default,2021-06-23
37,organisation,default,local-authority-eng:ESK
37,entry-date,default,2021-06-23
38,organisation,default,local-authority-eng:ESK
38,entry-date,default,2021-06-23
39,organisation,default,local-authority-eng:ESK
39,entry-date,default,2021-06-23
40,organisation,default,local-authority-eng:ESK
40,entry-date,default,2021-06-23
41,organisation,default,local-authority-eng:ESK
41,entry-date,default,2021-06-23
42,organisation,default,local-authority-eng:ESK
42,entry-date,default,2021-06-23
43,organisation,default,local-authority-eng:ESK
43,entry-date,default,2021-06-23
44,organisation,default,local-authority-eng:ESK
44,entry-date,default,2021-06-23
45,organisation,default,local-authority-eng:ESK
45,entry-date,default,2021-06-23
46,organisation,default,local-authority-eng:ESK
46,entry-date,default,2021-06-23
47,organisation,default,local-authority-eng:ESK
47,entry-date,default,2021-06-23
48,organisation,default,local-authority-eng:ESK
48,entry-date,default,2021-06-23
49,organisation,default,local-authority-eng:ESK
49,entry-date,default,2021-06-23
50,organisation,default,local-authority-eng:ESK
50,entry-date,default,2021-06-23
51,organisation,default,local-authority-eng:ESK
51,entry-date,default,2021-06-23
52,organisation,default,local-authority-eng:ESK
52,entry-date,default,2021-06-23
53,organisation,default,local-authority-eng:ESK
53,entry-date,default,2021-06-23
54,organisation,default,local-authority-eng:ESK
54,entry-date,default,2021-06-23
55,organisation,default,local-authority-eng:ESK
55,entry-date,default,2021-06-23
56,organisation,default,local-authority-eng:ESK
56,entry-date,default,2021-06-23
57,organisation,default,local-authority-eng:ESK
57,entry-date,default,2021-06-23
58,organisation,default,local-authority-eng:ESK
58,entry-date,default,2021-06-23
59,organisation,default,local-authority-eng:ESK
59,entry-date,default,2021-06-23
60,organisation,default,local-authority-eng:ESK
60,entry-date,default,2021-06-23
61,organisation,default,local-authority-eng:ESK
61,entry-date,default,2021-06-23
62,organisation,default,local-authority-eng:ESK
62,entry-date,default,2021-06-23
63,organisation,default,local-authority-eng:ESK
63,entry-date,default,2021-06-23
64,organisation,default,local-authority-eng:ESK
64,entry-date,default,2021-06-23
65,organisation,default,local-authority-eng:ESK
65,entry-date,default,2021-06-23
66,organisation,default,local-authority-eng:ESK
66,entry-date,default,2021-06-23
67,organisation,default,local-authority-eng:ESK
67,entry-date,default,2021-06-23
68,organisation,default,local-authority-eng:ESK
68,entry-date,default,2021-06-23
69,organisation,default,local-authority-eng:ESK
69,entry-date,default,2021-06-23
70,organisation,default,local-authority-eng:ESK
70,entry-date,default,2021-06-23
71,organisation,default,local-authority-eng:ESK
71,entry-date,default,2021-06-23
72,organisation,default,local-authority-eng:ESK
72,entry-date,default,2021-06-23
73,organisation,default,local-authority-eng:ESK
73,entry-date,default,2021-06-23
74,organisation,default,local-authority-eng:ESK
74,entry-date,default,2021-06-23
75,organisation,default,local-authority-eng:ESK
75,entry-date,default,2021-06-23
76,organisation,default,local-authority-eng:ESK
76,entry-date,default,2021-06-23
77,organisation,default,local-authority-eng:ESK
77,entry-date,default,2021-06-23
78,organisation,default,local-authority-eng:ESK
78,entry-date,default,2021-06-23
79,organisation,default,local-authority-eng:ESK
79,entry-date,default,2021-06-23
80,organisation,default,local-authority-eng:ESK
80,entry-date,default,2021-06-23
81,organisation,default,local-authority-eng:ESK
81,entry-date,default,2021-06-23
82,organisation,default,local-authority-eng:ESK
82,entry-date,default,2021-06-23
83,organisation,default,local-authority-eng:ESK
83,entry-date,default,2021-06-23
84,organisation,default,local-authority-eng:ESK
84,entry-date,default,2021-06-23
85,organisation,default,local-authority-eng:ESK
85,entry-date,default,2021-06-23
86,organisation,default,local-authority-eng:ESK
86,entry-date,default,2021-06-23
87,organisation,default,local-authority-eng:ESK
87,entry-date,default,2021-06-23
88,organisation,default,local-authority-eng:ESK
88,entry-date,default,2021-06-23
89,organisation,default,local-authority-eng:ESK
89,entry-date,default,2021-06-23
90,organisation,default,local-authority-eng:ESK
90,entry-date,default,2021-06-23
91,organisation,default,local-authority-eng:ESK
91,entry-date,default,2021-06-23
92,organisation,default,local-authority-eng:ESK
92,entry-date,default,2021-06-23
93,organisation,default,local-authority-eng:ESK
93,entry-date,default,2021-06-23
94,organisation,default,local-authority-eng:ESK
94,entry-date,default,2021-06-23
95,organisation,default,local-authority-eng:ESK
95,entry-date,default,2021-06-23
96,organisation,default,local-authority-eng:ESK
96,entry-date,default,2021-06-23
97,organisation,default,local-authority-eng:ESK
97,entry-date,default,2021-06-23
98,organisation,default,local-authority-eng:ESK
98,entry-date,default,2021-06-23
99,organisation,default,local-authority-eng:ESK
99,entry-date,default,2021-06-23
100,organisation,default,local-authority-eng:ESK
100,entry-date,default,2021-06-23
101,organisation,default,local-authority-eng:ESK
101,entry-date,default,2021-06-23
102,organisation,default,local-authority-eng:ESK
102,entry-date,default,2021-06-23
103,organisation,default,local-authority-eng:ESK
103,entry-date,default,2021-06-23
104,organisation,default,local-authority-eng:ESK
104,entry-date,default,2021-06-23
105,organisation,default,local-authority-eng:ESK
105,entry-date,default,2021-06-23
106,organisation,default,local-authority-eng:ESK
106,entry-date,default,2021-06-23
107,organisation,default,local-authority-eng:ESK
107,entry-date,default,2021-06-23
108,organisation,default,local-authority-eng:ESK
108,entry-date,default,2021-06-23
109,organisation,default,local-authority-eng:ESK
109,entry-date,default,2021-06-23
110,organisation,default,local-authority-eng:ESK
110,entry-date,default,2021-06-23
111,organisation,default,local-authority-eng:ESK
111,entry-date,default,2021-06-23
112,organisation,default,local-authority-eng:ESK
112,entry-date,default,2021-06-23
113,organisation,default,local-authority-eng:ESK
113,entry-date,default,2021-06-23
114,organisation,default,local-authority-eng:ESK
114,entry-date,default,2021-06-23
115,organisation,default,local-authority-eng:ESK
115,entry-date,default,2021-06-23
116,organisation,default,local-authority-eng:ESK
116,entry-date,default,2021-06-23
117,organisation,default,local-authority-eng:ESK
117,entry-date,default,2021-06-23
118,organisation,default,local-authority-eng:ESK
118,entry-date,default,2021-06-23
119,organisation,default,local-authority-eng:ESK
119,entry-date,default,2021-06-23
120,organisation,default,local-authority-eng:ESK
120,entry-date,default,2021-06-23
121,organisation,default,local-authority-eng:ESK
121,entry-date,default,2021-06-23
122,organisation,default,local-authority-eng:ESK
122,entry-date,default,2021-06-23
123,organisation,default,local-authority-eng:ESK
123,entry-date,default,2021-06-23
124,organisation,default,local-authority-eng:ESK
124,entry-date,default,2021-06-23
125,organisation,default,local-authority-eng:ESK
125,entry-date,default,2021-06-23
126,organisation,default,local-authority-eng:ESK
126,entry-date,default,2021-06-23
127,organisation,default,local-authority-eng:ESK
127,entry-date,default,2021-06-23
128,organisation,default,local-authority-eng:ESK
128,entry-date,default,2021-06-23
129,organisation,default,local-authority-eng:ESK
129,entry-date,default,2021-06-23
130,organisation,default,local-authority-eng:ESK
130,entry-date,default,2021-06-23
131,organisation,default,local-authority-eng:ESK
131,entry-date,default,2021-06-23
132,organisation,default,local-authority-eng:ESK
132,entry-date,default,2021-06-23
133,organisation,default,local-authority-eng:ESK
133,entry-date,default,2021-06-23
134,organisation,default,local-authority-eng:ESK
134,entry-date,default,2021-06-23
135,organisation,default,local-authority-eng:ESK
135,entry-date,default,2021-06-23
136,organisation,default,local-authority-eng:ESK
136,entry-date,default,2021-06-23
137,organisation,default,local-authority-eng:ESK
137,entry-date,default,2021-06-23
138,organisation,default,local-authority-eng:ESK
138,entry-date,default,2021-06-23
139,organisation,default,local-authority-eng:ESK
139,entry-date,default,2021-06-23
140,organisation,default,local-authority-eng:ESK
140,entry-date,default,2021-06-23
141,organisation,default,local-authority-eng:ESK
141,entry-date,default,2021-06-23
142,organisation,default,local-authority-eng:ESK
142,entry-date,default,2021-06-23
143,organisation,default,local-authority-eng:ESK
143,entry-date,default,2021-06-23
144,organisation,default,local-authority-eng:ESK
144,entry-date,default,2021-06-23
145,organisation,default,local-authority-eng:ESK
145,entry-date,default,2021-06-23
146,organisation,default,local-authority-eng:ESK
146,entry-date,default,2021-06-23
147,organisation,default,local-authority-eng:ESK
147,entry-date,default,2021-06-23
148,organisation,default,local-authority-eng:ESK
148,entry-date,default,2021-06-23
149,organisation,default,local-authority-eng:ESK
149,entry-date,default,2021-06-23
150,organisation,default,local-authority-eng:ESK
150,entry-date,default,2021-06-23
151,organisation,default,local-authority-eng:ESK
151,entry-date,default,2021-06-23
152,organisation,default,local-authority-eng:ESK
152,entry-date,default,2021-06-23
153,organisation,default,local-authority-eng:ESK
153,entry-date,default,2021-06-23
154,organisation,default,local-authority-eng:ESK
154,entry-date,default,2021-06-23
155,organisation,default,local-authority-eng:ESK
155,entry-date,default,2021-06-23
156,organisation,default,local-authority-eng:ESK
156,entry-date,default,2021-06-23
157,organisation,default,local-authority-eng:ESK
157,entry-date,default,2021-06-23
158,organisation,default,local-authority-eng:ESK
158,entry-date,default,2021-06-23
159,organisation,default,local-authority-eng:ESK
159,entry-date,default,2021-06-23
160,organisation,default,local-authority-eng:ESK
160,entry-date,default,2021-06-23
161,organisation,default,local-authority-eng:ESK
161,entry-date,default,2021-06-23
162,organisation,default,local-authority-eng:ESK
162,entry-date,default,2021-06-23
163,organisation,default,local-authority-eng:ESK
163,entry-date,default,2021-06-23
164,organisation,default,local-authority-eng:ESK
164,entry-date,default,2021-06-23
165,organisation,default,local-authority-eng:ESK
165,entry-date,default,2021-06-23
166,organisation,default,local-authority-eng:ESK
166,entry-date,default,2021-06-23
167,organisation,default,local-authority-eng:ESK
167,entry-date,default,2021-06-23
168,organisation,default,local-authority-eng:ESK
168,entry-date,default,2021-06-23
169,organisation,default,local-authority-eng:ESK
169,entry-date,default,2021-06-23
170,organisation,default,local-authority-eng:ESK
170,entry-date,default,2021-06-23
171,organisation,default,local-authority-eng:ESK
171,entry-date,default,2021-06-23
172,organisation,default,local-authority-eng:ESK
172,entry-date,default,2021-06-23
173,organisation,default,local-authority-eng:ESK
173,entry-date,default,2021-06-23
174,organisation,default,local-authority-eng:ESK
174,entry-date,default,2021-06-23
175,organisation,default,local-authority-eng:ESK
175,entry-date,default,2021-06-23
176,organisation,default,local-authority-eng:ESK
176,entry-date,default,2021-06-23
177,organisation,default,local-authority-eng:ESK
177,entry-date,default,2021-06-23
178,organisation,default,local-authority-eng:ESK
178,entry-date,default,2021-06-23
179,organisation,default,local-authority-eng:ESK
179,entry-date,default,2021-06-23
180,organisation,default,local-authority-eng:ESK
180,entry-date,default,2021-06-23
181,organisation,default,local-authority-eng:ESK
181,entry-date,default,2021-06-23
182,organisation,default,local-authority-eng:ESK
182,entry-date,default,2021-06-23
183,organisation,default,local-authority-eng:ESK
183,entry-date,default,2021-06-23
184,organisation,default,local-authority-eng:ESK
184,entry-date,default,2021-06-23
185,organisation,default,local-authority-eng:ESK
185,entry-date,default,2021-06-23
186,organisation,default,local-authority-eng:ESK
186,entry-date,default,2021-06-23
187,organisation,default,local-authority-eng:ESK
187,entry-date,default,2021-06-23
188,organisation,default,local-authority-eng:ESK
188,entry-date,default,2021-06-23
189,organisation,default,local-authority-eng:ESK
189,entry-date,default,2021-06-23
190,organisation,default,local-authority-eng:ESK
190,entry-date,default,2021-06-23
191,organisation,default,local-authority-eng:ESK
191,entry-date,default,2021-06-23
192,organisation,default,local-authority-eng:ESK
192,entry-date,default,2021-06-23
193,organisation,default,local-authority-eng:ESK
193,entry-date,default,2021-06-23
194,organisation,default,local-authority-eng:ESK
194,entry-date,default,2021-06-23
195,organisation,default,local-authority-eng:ESK
195,entry-date,default,2021-06-23
196,organisation,default,local-authority-eng:ESK
196,entry-date,default,2021-06-23
197,organisation,default,local-authority-eng:ESK
197,entry-date,default,2021-06-23
198,organisation,default,local-authority-eng:ESK
198,entry-date,default,2021-06-23
199,organisation,default,local-authority-eng:ESK
199,entry-date,default,2021-06-23
200,organisation,default,local-authority-eng:ESK
200,entry-date,default,2021-06-23
201,organisation,default,local-authority-eng:ESK
201,entry-date,default,2021-06-23
202,organisation,default,local-authority-eng:ESK
202,entry-date,default,2021-06-23
203,organisation,default,local-authority-eng:ESK
203,entry-date,default,2021-06-23
204,organisation,default,local-authority-eng:ESK
204,entry-date,default,2021-06-23
205,organisation,default,local-authority-eng:ESK
205,entry-date,default,2021-06-23
206,organisation,default,local-authority-eng:ESK
206,entry-date,default,2021-06-23
207,organisation,default,local-authority-eng:ESK
207,entry-date,default,2021-06-23
208,organisation,default,local-authority-eng:ESK
208,entry-date,default,2021-06-23
209,organisation,default,local-authority-eng:ESK
209,entry-date,default,2021-06-23
210,organisation,default,local-authority-eng:ESK
210,entry-date,default,2021-06-23
211,organisation,default,local-authority-eng:ESK
211,entry-date,default,2021-06-23
212,organisation,default,local-authority-eng:ESK
212,entry-date,default,2021-06-23
213,organisation,default,local-authority-eng:ESK
213,entry-date,default,2021-06-23
214,organisation,default,local-authority-eng:ESK
214,entry-date,default,2021-06-23
215,organisation,default,local-authority-eng:ESK
215,entry-date,default,2021-06-23
216,organisation,default,local-authority-eng:ESK
216,entry-date,default,2021-06-23
217,organisation,default,local-authority-eng:ESK
217,entry-date,default,2021-06-23
218,organisation,default,local-authority-eng:ESK
218,entry-date,default,2021-06-23
219,organisation,default,local-authority-eng:ESK
219,entry-date,default,2021-06-23
220,organisation,default,local-authority-eng:ESK
220,entry-date,default,2021-06-23
221,organisation,default,local-authority-eng:ESK
221,entry-date,default,2021-06-23
222,organisation,default,local-authority-eng:ESK
222,entry-date,default,2021-06-23
223,organisation,default,local-authority-eng:ESK
223,entry-date,default,2021-06-23
224,organisation,default,local-authority-eng:ESK
224,entry-date,default,2021-06-23
225,organisation,default,local-authority-eng:ESK
225,entry-date,default,2021-06-23
226,organisation,default,local-authority-eng:ESK
226,entry-date,default,2021-06-23
227,organisation,default,local-authority-eng:ESK
227,entry-date,default,2021-06-23
228,organisation,default,local-authority-eng:ESK
228,entry-date,default,2021-06-23
229,organisation,default,local-authority-eng:ESK
229,entry-date,default,2021-06-23
230,organisation,default,local-authority-eng:ESK
230,entry-date,default,2021-06-23
231,organisation,default,local-authority-eng:ESK
231,entry-date,default,2021-06-23
232,organisation,default,local-authority-eng:ESK
232,entry-date,default,2021-06-23
233,organisation,default,local-authority-eng:ESK
233,entry-date,default,2021-06-23
234,organisation,default,local-authority-eng:ESK
234,entry-date,default,2021-06-23
235,organisation,default,local-authority-eng:ESK
235,entry-date,default,2021-06-23
236,organisation,default,local-authority-eng:ESK
236,entry-date,default,2021-06-23
237,organisation,default,local-authority-eng:ESK
237,entry-date,default,2021-06-23
238,organisation,default,local-authority-eng:ESK
238,entry-date,default,2021-06-23
239,organisation,default,local-authority-eng:ESK
239,entry-date,default,2021-06-23
240,organisation,default,local-authority-eng:ESK
240,entry-date,default,2021-06-23
241,organisation,default,local-authority-eng:ESK
241,entry-date,default,2021-06-23
242,organisation,default,local-authority-eng:ESK
242,entry-date,default,2021-06-23
243,organisation,default,local-authority-eng:ESK
243,entry-date,default,2021-06-23
244,organisation,default,local-authority-eng:ESK
244,entry-date,default,2021-06-23
245,organisation,default,local-authority-eng:ESK
245,entry-date,default,2021-06-23
246,organisation,default,local-authority-eng:ESK
246,entry-date,default,2021-06-23
247,organisation,default,local-authority-eng:ESK
247,entry-date,default,2021-06-23
248,organisation,default,local-authority-eng:ESK
248,entry-date,default,2021-06-23
249,organisation,default,local-authority-eng:ESK
249,entry-date,default,2021-06-23
250,organisation,default,local-authority-eng:ESK
250,entry-date,default,2021-06-23
251,organisation,default,local-authority-eng:ESK
251,entry-date,default,2021-06-23
252,organisation,default,local-authority-eng:ESK
252,entry-date,default,2021-06-23
253,organisation,default,local-authority-eng:ESK
253,entry-date,default,2021-06-23
254,organisation,default,local-authority-eng:ESK
254,entry-date,default,2021-06-23
255,organisation,default,local-authority-eng:ESK
255,entry-date,default,2021-06-23
256,organisation,default,local-authority-eng:ESK
256,entry-date,default,2021-06-23
257,organisation,default,local-authority-eng:ESK
257,entry-date,default,2021-06-23
258,organisation,default,local-authority-eng:ESK
258,entry-date,default,2021-06-23
259,organisation,default,local-authority-eng:ESK
259,entry-date,default,2021-06-23
260,organisation,default,local-authority-eng:ESK
260,entry-date,default,2021-06-23
261,organisation,default,local-authority-eng:ESK
261,entry-date,default,2021-06-23
262,organisation,default,local-authority-eng:ESK
262,entry-date,default,2021-06-23
263,organisation,default,local-authority-eng:ESK
263,entry-date,default,2021-06-23
264,organisation,default,local-authority-eng:ESK
264,entry-date,default,2021-06-23
265,organisation,default,local-authority-eng:ESK
265,entry-date,default,2021-06-23
266,organisation,default,local-authority-eng:ESK
266,entry-date,default,2021-06-23
267,organisation,default,local-authority-eng:ESK
267,entry-date,default,2021-06-23
268,organisation,default,local-authority-eng:ESK
268,entry-date,default,2021-06-23
269,organisation,default,local-authority-eng:ESK
269,entry-date,default,2021-06-23
270,organisation,default,local-authority-eng:ESK
270,entry-date,default,2021-06-23
271,organisation,default,local-authority-eng:ESK
271,entry-date,default,2021-06-23
272,organisation,default,local-authority-eng:ESK
272,entry-date,default,2021-06-23
273,organisation,default,local-authority-eng:ESK
273,entry-date,default,2021-06-23
274,organisation,default,local-authority-eng:ESK
274,entry-date,default,2021-06-23
275,organisation,default,local-authority-eng:ESK
275,entry-date,default,2021-06-23
276,organisation,default,local-authority-eng:ESK
276,entry-date,default,2021-06-23
277,organisation,default,local-authority-eng:ESK
277,entry-date,default,2021-06-23
278,organisation,default,local-authority-eng:ESK
278,entry-date,default,2021-06-23
279,organisation,default,local-authority-eng:ESK
279,entry-date,default,2021-06-23
280,organisation,default,local-authority-eng:ESK
280,entry-date,default,2021-06-23
281,organisation,default,local-authority-eng:ESK
281,entry-date,default,2021-06-23
282,organisation,default,local-authority-eng:ESK
282,entry-date,default,2021-06-23
283,organisation,default,local-authority-eng:ESK
283,entry-date,default,2021-06-23
284,organisation,default,local-authority-eng:ESK
284,entry-date,default,2021-06-23
285,organisation,default,local-authority-eng:ESK
285,entry-date,default,2021-06-23
286,organisation,default,local-authority-eng:ESK
286,entry-date,default,2021-06-23
287,organisation,default,local-authority-eng:ESK
287,entry-date,default,2021-06-23
288,organisation,default,local-authority-eng:ESK
288,entry-date,default,2021-06-23
289,organisation,default,local-authority-eng:ESK
289,entry-date,default,2021-06-23
290,organisation,default,local-authority-eng:ESK
290,entry-date,default,2021-06-23
291,organisation,default,local-authority-eng:ESK
291,entry-date,default,2021-06-23
292,organisation,default,local-authority-eng:ESK
292,entry-date,default,2021-06-23
293,organisation,default,local-authority-eng:ESK
293,entry-date,default,2021-06-23
294,organisation,default,local-authority-eng:ESK
294,entry-date,default,2021-06-23
295,organisation,default,local-authority-eng:ESK
295,entry-date,default,2021-06-23
296,organisation,default,local-authority-eng:ESK
296,entry-date,default,2021-06-23
297,organisation,default,local-authority-eng:ESK
297,entry-date,default,2021-06-23
298,organisation,default,local-authority-eng:ESK
298,entry-date,default,2021-06-23
299,organisation,default,local-authority-eng:ESK
299,entry-date,default,2021-06-23
300,organisation,default,local-authority-eng:ESK
300,entry-date,default,2021-06-23
301,organisation,default,local-authority-eng:ESK
301,entry-date,default,2021-06-23
302,organisation,default,local-authority-eng:ESK
302,entry-date,default,2021-06-23
303,organisation,default,local-authority-eng:ESK
303,entry-date,default,2021-06-23
304,organisation,default,local-authority-eng:ESK
304,entry-date,default,2021-06-23
305,organisation,default,local-authority-eng:ESK
305,entry-date,default,2021-06-23
306,organisation,default,local-authority-eng:ESK
306,entry-date,default,2021-06-23
307,organisation,default,local-authority-eng:ESK
307,entry-date,default,2021-06-23
308,organisation,default,local-authority-eng:ESK
308,entry-date,default,2021-06-23
309,organisation,default,local-authority-eng:ESK
309,entry-date,default,2021-06-23
310,organisation,default,local-authority-eng:ESK
310,entry-date,default,2021-06-23
311,organisation,default,local-authority-eng:ESK
311,entry-date,default,2021-06-23
312,organisation,default,local-authority-eng:ESK
312,entry-date,default,2021-06-23
313,organisation,default,local-authority-eng:ESK
313,entry-date,default,2021-06-23
314,organisation,default,local-authority-eng:ESK
314,entry-date,default,2021-06-23
315,organisation,default,local-authority-eng:ESK
315,entry-date,default,2021-06-23
316,organisation,default,local-authority-eng:ESK
316,entry-date,default,2021-06-23
317,organisation,default,local-authority-eng:ESK
317,entry-date,default,2021-06-23
318,organisation,default,local-authority-eng:ESK
318,entry-date,default,2021-06-23
319,organisation,default,local-authority-eng:ESK
319,entry-date,default,2021-06-23
320,organisation,default,local-authority-eng:ESK
320,entry-date,default,2021-06-23
321,organisation,default,local-authority-eng:ESK
321,entry-date,default,2021-06-23
322,organisation,default,local-authority-eng:ESK
322,entry-date,default,2021-06-23
323,organisation,default,local-authority-eng:ESK
323,entry-date,default,2021-06-23
324,organisation,default,local-authority-eng:ESK
324,entry-date,default,2021-06-23
325,organisation,default,local-authority-eng:ESK
325,entry-date,default,2021-06-23
326,organisation,default,local-authority-eng:ESK
326,entry-date,default,2021-06-23
327,organisation,default,local-authority-eng:ESK
327,entry-date,default,2021-06-23
328,organisation,default,local-authority-eng:ESK
328,entry-date,default,2021-06-23
329,organisation,default,local-authority-eng:ESK
329,entry-date,default,2021-06-23
330,organisation,default,local-authority-eng:ESK
330,entry-date,default,2021-06-23
331,organisation,default,local-authority-eng:ESK
331,entry-date,default,2021-06-23
332,organisation,default,local-authority-eng:ESK
332,entry-date,default,2021-06-23
333,organisation,default,local-authority-eng:ESK
333,entry-date,default,2021-06-23
334,organisation,default,local-authority-eng:ESK
334,entry-date,default,2021-06-23
335,organisation,default,local-authority-eng:ESK
335,entry-date,default,2021-06-23
336,organisation,default,local-authority-eng:ESK
336,entry-date,default,2021-06-23
337,organisation,default,local-authority-eng:ESK
337,entry-date,default,2021-06-23
338,organisation,default,local-authority-eng:ESK
338,entry-date,default,2021-06-23
339,organisation,default,local-authority-eng:ESK
339,entry-date,default,2021-06-23
340,organisation,default,local-authority-eng:ESK
340,entry-date,default,2021-06-23
341,organisation,default,local-authority-eng:ESK
341,entry-date,default,2021-06-23
342,organisation,default,local-authority-eng:ESK
342,entry-date,default,2021-06-23
343,organisation,default,local-authority-eng:ESK
343,entry-date,default,2021-06-23
344,organisation,default,local-authority-eng:ESK
344,entry-date,default,2021-06-23
345,organisation,default,local-authority-eng:ESK
345,entry-date,default,2021-06-23
346,organisation,default,local-authority-eng:ESK
346,entry-date,default,2021-06-23
347,organisation,default,local-authority-eng:ESK
347,entry-date,default,2021-06-23
348,organisation,default,local-authority-eng:ESK
348,entry-date,default,2021-06-23
349,organisation,default,local-authority-eng:ESK
349,entry-date,default,2021-06-23
350,organisation,default,local-authority-eng:ESK
350,entry-date,default,2021-06-23
351,organisation,default,local-authority-eng:ESK
351,entry-date,default,2021-06-23
352,organisation,default,local-authority-eng:ESK
352,entry-date,default,2021-06-23
353,organisation,default,local-authority-eng:ESK
353,entry-date,default,2021-06-23
354,organisation,default,local-authority-eng:ESK
354,entry-date,default,2021-06-23
355,organisation,default,local-authority-eng:ESK
355,entry-date,default,2021-06-23
356,organisation,default,local-authority-eng:ESK
356,entry-date,default,2021-06-23
357,organisation,default,local-authority-eng:ESK
357,entry-date,default,2021-06-23
358,organisation,default,local-authority-eng:ESK
358,entry-date,default,2021-06-23
359,organisation,default,local-authority-eng:ESK
359,entry-date,default,2021-06-23
360,organisation,default,local-authority-eng:ESK
360,entry-date,default,2021-06-23
361,organisation,default,local-authority-eng:ESK
361,entry-date,default,2021-06-23
362,organisation,default,local-authority-eng:ESK
362,entry-date,default,2021-06-23
363,organisation,default,local-authority-eng:ESK
363,entry-date,default,2021-06-23
364,organisation,default,local-authority-eng:ESK
364,entry-date,default,2021-06-23
365,organisation,default,local-authority-eng:ESK
365,entry-date,default,2021-06-23
366,organisation,default,local-authority-eng:ESK
366,entry-date,default,2021-06-23
367,organisation,default,local-authority-eng:ESK
367,entry-date,default,2021-06-23
368,organisation,default,local-authority-eng:ESK
368,entry-date,default,2021-06-23
369,organisation,default,local-authority-eng:ESK
369,entry-date,default,2021-06-23
370,organisation,default,local-authority-eng:ESK
370,entry-date,default,2021-06-23
371,organisation,default,local-authority-eng:ESK
371,entry-date,default,2021-06-23
372,organisation,default,local-authority-eng:ESK
372,entry-date,default,2021-06-23
373,organisation,default,local-authority-eng:ESK
373,entry-date,default,2021-06-23
374,organisation,default,local-authority-eng:ESK
374,entry-date,default,2021-06-23
375,organisation,default,local-authority-eng:ESK
375,entry-date,default,2021-06-23
376,organisation,default,local-authority-eng:ESK
376,entry-date,default,2021-06-23
377,organisation,default,local-authority-eng:ESK
377,entry-date,default,2021-06-23
378,organisation,default,local-authority-eng:ESK
378,entry-date,default,2021-06-23
379,organisation,default,local-authority-eng:ESK
379,entry-date,default,2021-06-23
380,organisation,default,local-authority-eng:ESK
380,entry-date,default,2021-06-23
381,organisation,default,local-authority-eng:ESK
381,entry-date,default,2021-06-23
382,organisation,default,local-authority-eng:ESK
382,entry-date,default,2021-06-23
383,organisation,default,local-authority-eng:ESK
383,entry-date,default,2021-06-23
384,organisation,default,local-authority-eng:ESK
384,entry-date,default,2021-06-23
385,organisation,default,local-authority-eng:ESK
385,entry-date,default,2021-06-23
386,organisation,default,local-authority-eng:ESK
386,entry-date,default,2021-06-23
387,organisation,default,local-authority-eng:ESK
387,entry-date,default,2021-06-23
388,organisation,default,local-authority-eng:ESK
388,entry-date,default,2021-06-23
389,organisation,default,local-authority-eng:ESK
389,entry-date,default,2021-06-23
390,organisation,default,local-authority-eng:ESK
390,entry-date,default,2021-06-23
391,organisation,default,local-authority-eng:ESK
391,entry-date,default,2021-06-23
392,organisation,default,local-authority-eng:ESK
392,entry-date,default,2021-06-23
393,organisation,default,local-authority-eng:ESK
393,entry-date,default,2021-06-23
394,organisation,default,local-authority-eng:ESK
394,entry-date,default,2021-06-23
395,organisation,default,local-authority-eng:ESK
395,entry-date,default,2021-06-23
396,organisation,default,local-authority-eng:ESK
396,entry-date,default,2021-06-23
397,organisation,default,local-authority-eng:ESK
397,entry-date,default,2021-06-23
398,organisation,default,local-authority-eng:ESK
398,entry-date,default,2021-06-23
399,organisation,default,local-authority-eng:ESK
399,entry-date,default,2021-06-23
400,organisation,default,local-authority-eng:ESK
400,entry-date,default,2021-06-23
401,organisation,default,local-authority-eng:ESK
401,entry-date,default,2021-06-23
402,organisation,default,local-authority-eng:ESK
402,entry-date,default,2021-06-23
403,organisation,default,local-authority-eng:ESK
403,entry-date,default,2021-06-23
404,organisation,default,local-authority-eng:ESK
404,entry-date,default,2021-06-23
405,organisation,default,local-authority-eng:ESK
405,entry-date,default,2021-06-23
406,organisation,default,local-authority-eng:ESK
406,entry-date,default,2021-06-23
407,organisation,default,local-authority-eng:ESK
407,entry-date,default,2021-06-23
408,organisation,default,local-authority-eng:ESK
408,entry-date,default,2021-06-23
409,organisation,default,local-authority-eng:ESK
409,entry-date,default,2021-06-23
410,organisation,default,local-authority-eng:ESK
410,entry-date,default,2021-06-23
411,organisation,default,local-authority-eng:ESK
411,entry-date,default,2021-06-23
412,organisation,default,local-authority-eng:ESK
412,entry-date,default,2021-06-23
413,organisation,default,local-authority-eng:ESK
413,entry-date,default,2021-06-23
414,organisation,default,local-authority-eng:ESK
414,entry-date,default,2021-06-23
415,organisation,default,local-authority-eng:ESK
415,entry-date,default,2021-06-23
416,organisation,default,local-authority-eng:ESK
416,entry-date,default,2021-06-23
417,organisation,default,local-authority-eng:ESK
417,entry-date,default,2021-06-23
418,organisation,default,local-authority-eng:ESK
418,entry-date,default,2021-06-23
419,organisation,default,local-authority-eng:ESK
419,entry-date,default,2021-06-23
420,organisation,default,local-authority-eng:ESK
420,entry-date,default,2021-06-23
421,organisation,default,local-authority-eng:ESK
421,entry-date,default,2021-06-23
422,organisation,default,local-authority-eng:ESK
422,entry-date,default,2021-06-23
423,organisation,default,local-authority-eng:ESK
423,entry-date,default,2021-06-23
424,organisation,default,local-authority-eng:ESK
424,entry-date,default,2021-06-23
425,organisation,default,local-authority-eng:ESK
425,entry-date,default,2021-06-23
426,organisation,default,local-authority-eng:ESK
426,entry-date,default,2021-06-23
427,organisation,default,local-authority-eng:ESK
427,entry-date,default,2021-06-23
428,organisation,default,local-authority-eng:ESK
428,entry-date,default,2021-06-23
429,organisation,default,local-authority-eng:ESK
429,entry-date,default,2021-06-23
430,organisation,default,local-authority-eng:ESK
430,entry-date,default,2021-06-23
431,organisation,default,local-authority-eng:ESK
431,entry-date,default,2021-06-23
432,organisation,default,local-authority-eng:ESK
432,entry-date,default,2021-06-23
433,organisation,default,local-authority-eng:ESK
433,entry-date,default,2021-06-23
434,organisation,default,local-authority-eng:ESK
434,entry-date,default,2021-06-23
435,organisation,default,local-authority-eng:ESK
435,entry-date,default,2021-06-23
436,organisation,default,local-authority-eng:ESK
436,entry-date,default,2021-06-23
437,organisation,default,local-authority-eng:ESK
437,entry-date,default,2021-06-23
438,organisation,default,local-authority-eng:ESK
438,entry-date,default,2021-06-23
439,organisation,default,local-authority-eng:ESK
439,entry-date,default,2021-06-23
440,organisation,default,local-authority-eng:ESK
440,entry-date,default,2021-06-23
441,organisation,default,local-authority-eng:ESK
441,entry-date,default,2021-06-23
442,organisation,default,local-authority-eng:ESK
442,entry-date,default,2021-06-23
443,organisation,default,local-authority-eng:ESK
443,entry-date,default,2021-06-23
444,organisation,default,local-authority-eng:ESK
444,entry-date,default,2021-06-23
445,organisation,default,local-authority-eng:ESK
445,entry-date,default,2021-06-23
446,organisation,default,local-authority-eng:ESK
446,entry-date,default,2021-06-23
447,organisation,default,local-authority-eng:ESK
447,entry-date,default,2021-06-23
448,organisation,default,local-authority-eng:ESK
448,entry-date,default,2021-06-23
449,organisation,default,local-authority-eng:ESK
449,entry-date,default,2021-06-23
450,organisation,default,local-authority-eng:ESK
450,entry-date,default,2021-06-23
451,organisation,default,local-authority-eng:ESK
451,entry-date,default,2021-06-23
452,organisation,default,local-authority-eng:ESK
452,entry-date,default,2021-06-23
453,organisation,default,local-authority-eng:ESK
453,entry-date,default,2021-06-23
454,organisation,default,local-authority-eng:ESK
454,entry-date,default,2021-06-23
455,organisation,default,local-authority-eng:ESK
455,entry-date,default,2021-06-23
456,organisation,default,local-authority-eng:ESK
456,entry-date,default,2021-06-23
457,organisation,default,local-authority-eng:ESK
457,entry-date,default,2021-06-23
458,organisation,default,local-authority-eng:ESK
458,entry-date,default,2021-06-23
459,organisation,default,local-authority-eng:ESK
459,entry-date,default,2021-06-23
460,organisation,default,local-authority-eng:ESK
460,entry-date,default,2021-06-23
461,organisation,default,local-authority-eng:ESK
461,entry-date,default,2021-06-23
462,organisation,default,local-authority-eng:ESK
462,entry-date,default,2021-06-23
463,organisation,default,local-authority-eng:ESK
463,entry-date,default,2021-06-23
464,organisation,default,local-authority-eng:ESK
464,entry-date,default,2021-06-23
465,organisation,default,local-authority-eng:ESK
465,entry-date,default,2021-06-23
466,organisation,default,local-authority-eng:ESK
466,entry-date,default,2021-06-23
467,organisation,default,local-authority-eng:ESK
467,entry-date,default,2021-06-23
468,organisation,default,local-authority-eng:ESK
468,entry-date,default,2021-06-23
469,organisation,default,local-authority-eng:ESK
469,entry-date,default,2021-06-23
470,organisation,default,local-authority-eng:ESK
470,entry-date,default,2021-06-23
471,organisation,default,local-authority-eng:ESK
471,entry-date,default,2021-06-23
472,organisation,default,local-authority-eng:ESK
472,entry-date,default,2021-06-23
473,organisation,default,local-authority-eng:ESK
473,entry-date,default,2021-06-23
474,organisation,default,local-authority-eng:ESK
474,entry-date,default,2021-06-23
475,organisation,default,local-authority-eng:ESK
475,entry-date,default,2021-06-23
476,organisation,default,local-authority-eng:ESK
476,entry-date,default,2021-06-23
477,organisation,default,local-authority-eng:ESK
477,entry-date,default,2021-06-23
478,organisation,default,local-authority-eng:ESK
478,entry-date,default,2021-06-23
479,organisation,default,local-authority-eng:ESK
479,entry-date,default,2021-06-23
480,organisation,default,local-authority-eng:ESK
480,entry-date,default,2021-06-23
481,organisation,default,local-authority-eng:ESK
481,entry-date,default,2021-06-23
482,organisation,default,local-authority-eng:ESK
482,entry-date,default,2021-06-23
483,organisation,default,local-authority-eng:ESK
483,entry-date,default,2021-06-23
484,organisation,default,local-authority-eng:ESK
484,entry-date,default,2021-06-23
485,organisation,default,local-authority-eng:ESK
485,entry-date,default,2021-06-23
486,organisation,default,local-authority-eng:ESK
486,entry-date,default,2021-06-23
487,organisation,default,local-authority-eng:ESK
487,entry-date,default,2021-06-23
488,organisation,default,local-authority-eng:ESK
488,entry-date,default,2021-06-23
489,organisation,default,local-authority-eng:ESK
489,entry-date,default,2021-06-23
490,organisation,default,local-authority-eng:ESK
490,entry-date,default,2021-06-23
491,organisation,default,local-authority-eng:ESK
491,entry-date,default,2021-06-23
492,organisation,default,local-authority-eng:ESK
492,entry-date,default,2021-06-23
493,organisation,default,local-authority-eng:ESK
493,entry-date,default,2021-06-23
494,organisation,default,local-authority-eng:ESK
494,entry-date,default,2021-06-23
495,organisation,default,local-authority-eng:ESK
495,entry-date,default,2021-06-23
496,organisation,default,local-authority-eng:ESK
496,entry-date,default,2021-06-23
497,organisation,default,local-authority-eng:ESK
497,entry-date,default,2021-06-23
498,organisation,default,local-authority-eng:ESK
498,entry-date,default,2021-06-23
499,organisation,default,local-authority-eng:ESK
499,entry-date,default,2021-06-23
500,organisation,default,local-authority-eng:ESK
500,entry-date,default,2021-06-23
501,organisation,default,local-authority-eng:ESK
501,entry-date,default,2021-06-23
502,organisation,default,local-authority-eng:ESK
502,entry-date,default,2021-06-23
503,organisation,default,local-authority-eng:ESK
503,entry-date,default,2021-06-23
504,organisation,default,local-authority-eng:ESK
504,entry-date,default,2021-06-23
505,organisation,default,local-authority-eng:ESK
505,entry-date,default,2021-06-23
506,organisation,default,local-authority-eng:ESK
506,entry-date,default,2021-06-23
507,organisation,default,local-authority-eng:ESK
507,entry-date,default,2021-06-23
508,organisation,default,local-authority-eng:ESK
508,entry-date,default,2021-06-23
509,organisation,default,local-authority-eng:ESK
509,entry-date,default,2021-06-23
510,organisation,default,local-authority-eng:ESK
510,entry-date,default,2021-06-23
511,organisation,default,local-authority-eng:ESK
511,entry-date,default,2021-06-23
512,organisation,default,local-authority-eng:ESK
512,entry-date,default,2021-06-23
513,organisation,default,local-authority-eng:ESK
513,entry-date,default,2021-06-23
514,organisation,default,local-authority-eng:ESK
514,entry-date,default,2021-06-23
515,organisation,default,local-authority-eng:ESK
515,entry-date,default,2021-06-23
516,organisation,default,local-authority-eng:ESK
516,entry-date,default,2021-06-23
517,organisation,default,local-authority-eng:ESK
517,entry-date,default,2021-06-23
518,organisation,default,local-authority-eng:ESK
518,entry-date,default,2021-06-23
519,organisation,default,local-authority-eng:ESK
519,entry-date,default,2021-06-23
520,organisation,default,local-authority-eng:ESK
520,entry-date,default,2021-06-23
521,organisation,default,local-authority-eng:ESK
521,entry-date,default,2021-06-23
522,organisation,default,local-authority-eng:ESK
522,entry-date,default,2021-06-23
523,organisation,default,local-authority-eng:ESK
523,entry-date,default,2021-06-23
524,organisation,default,local-authority-eng:ESK
524,entry-date,default,2021-06-23
525,organisation,default,local-authority-eng:ESK
525,entry-date,default,2021-06-23
526,organisation,default,local-authority-eng:ESK
526,entry-date,default,2021-06-23
527,organisation,default,local-authority-eng:ESK
527,entry-date,default,2021-06-23
528,organisation,default,local-authority-eng:ESK
528,entry-date,default,2021-06-23
529,organisation,default,local-authority-eng:ESK
529,entry-date,default,2021-06-23
530,organisation,default,local-authority-eng:ESK
530,entry-date,default,2021-06-23
531,organisation,default,local-authority-eng:ESK
531,entry-date,default,2021-06-23
532,organisation,default,local-authority-eng:ESK
532,entry-date,default,2021-06-23
533,organisation,default,local-authority-eng:ESK
533,entry-date,default,2021-06-23
534,organisation,default,local-authority-eng:ESK
534,entry-date,default,2021-06-23
535,organisation,default,local-authority-eng:ESK
535,entry-date,default,2021-06-23
536,organisation,default,local-authority-eng:ESK
536,entry-date,default,2021-06-23
537,organisation,default,local-authority-eng:ESK
537,entry-date,default,2021-06-23
538,organisation,default,local-authority-eng:ESK
538,entry-date,default,2021-06-23
539,organisation,default,local-authority-eng:ESK
539,entry-date,default,2021-06-23
540,organisation,default,local-authority-eng:ESK
540,entry-date,default,2021-06-23
541,organisation,default,local-authority-eng:ESK
541,entry-date,default,2021-06-23
542,organisation,default,local-authority-eng:ESK
542,entry-date,default,2021-06-23
543,organisation,default,local-authority-eng:ESK
543,entry-date,default,2021-06-23
544,organisation,default,local-authority-eng:ESK
544,entry-date,default,2021-06-23
545,organisation,default,local-authority-eng:ESK
545,entry-date,default,2021-06-23
546,organisation,default,local-authority-eng:ESK
546,entry-date,default,2021-06-23
547,organisation,default,local-authority-eng:ESK
547,entry-date,default,2021-06-23
548,organisation,default,local-authority-eng:ESK
548,entry-date,default,2021-06-23
549,organisation,default,local-authority-eng:ESK
549,entry-date,default,2021-06-23
550,organisation,default,local-authority-eng:ESK
550,entry-date,default,2021-06-23
551,organisation,default,local-authority-eng:ESK
551,entry-date,default,2021-06-23
552,organisation,default,local-authority-eng:ESK
552,entry-date,default,2021-06-23
553,organisation,default,local-authority-eng:ESK
553,entry-date,default,2021-06-23
554,organisation,default,local-authority-eng:ESK
554,entry-date,default,2021-06-23
555,organisation,default,local-authority-eng:ESK
555,entry-date,default,2021-06-23
556,organisation,default,local-authority-eng:ESK
556,entry-date,default,2021-06-23
557,organisation,default,local-authority-eng:ESK
557,entry-date,default,2021-06-23
558,organisation,default,local-authority-eng:ESK
558,entry-date,default,2021-06-23
559,organisation,default,local-authority-eng:ESK
559,entry-date,default,2021-06-23
560,organisation,default,local-authority-eng:ESK
560,entry-date,default,2021-06-23
